"0","predictions <- ggpredict(model2, terms = c(""week"", ""Index2 [0, 10, 20]"", ""sex""))"
"0",""
"0","# Plot using ggplot2"
"0","ggplot(predictions, aes(x = x, y = predicted)) +"
"0","  geom_line() +"
"0","  geom_ribbon(aes(ymin = conf.low, ymax = conf.high, fill = group), alpha = 0.2) +"
"0","  facet_wrap(~facet, labeller = label_both) +"
"0","  labs("
"0","    title = ""Predicted Values of RSI"","
"0","    x = ""Week"","
"0","    y = ""RSI"","
"0","    color = ""Sex"","
"0","    fill = ""Sex"""
"0","  ) +"
"0","  theme_minimal()"
